{"text": " whatever it is that you want to build yeah if you can build me an app that padding designers that for certain room that will require a certain amount of light like luminosity wise and that will be working corresponding with the product that has that luminosity output", "segments": [{"id": 0, "seek": 0, "start": 0.0, "end": 14.08, "text": " whatever it is that you want to build yeah if you can build me an app that", "tokens": [50364, 2035, 309, 307, 300, 291, 528, 281, 1322, 1338, 498, 291, 393, 1322, 385, 364, 724, 300, 51068], "temperature": 0.0, "avg_logprob": -0.3673985269334581, "compression_ratio": 1.4757281553398058, "no_speech_prob": 0.21564188599586487}, {"id": 1, "seek": 0, "start": 14.08, "end": 24.6, "text": " padding designers that for certain room that will require a certain amount of", "tokens": [51068, 39562, 16196, 300, 337, 1629, 1808, 300, 486, 3651, 257, 1629, 2372, 295, 51594], "temperature": 0.0, "avg_logprob": -0.3673985269334581, "compression_ratio": 1.4757281553398058, "no_speech_prob": 0.21564188599586487}, {"id": 2, "seek": 2460, "start": 24.6, "end": 33.72, "text": " light like luminosity wise and that will be working corresponding with the", "tokens": [50364, 1442, 411, 32476, 20373, 10829, 293, 300, 486, 312, 1364, 11760, 365, 264, 50820], "temperature": 0.0, "avg_logprob": -0.34450851440429686, "compression_ratio": 1.3103448275862069, "no_speech_prob": 0.39678290486335754}, {"id": 3, "seek": 2460, "start": 33.72, "end": 39.72, "text": " product that has that luminosity output", "tokens": [50820, 1674, 300, 575, 300, 32476, 20373, 5598, 51120], "temperature": 0.0, "avg_logprob": -0.34450851440429686, "compression_ratio": 1.3103448275862069, "no_speech_prob": 0.39678290486335754}], "language": "English"}